{
  "task": "vibrational_thermochemistry",
  "method": "GFN2-xTB",
  "program": "xtb",
  "input_file": "/Users/evane/Desktop/Research/Argonne/chem-skills/benchmarks/fidelity/vibrational-analysis-validation/ferrocene/ferrocene.xyz",
  "n_atoms": 21,
  "atoms": [
    "C",
    "C",
    "C",
    "C",
    "C",
    "H",
    "H",
    "H",
    "H",
    "H",
    "Fe",
    "C",
    "C",
    "C",
    "C",
    "C",
    "H",
    "H",
    "H",
    "H",
    "H"
  ],
  "charge": 0,
  "multiplicity": 1,
  "solvent": null,
  "cli_invocation": "/Users/evane/Desktop/Research/Argonne/chem-skills/mcp_server/chemkit_engine/cli.py freq --method xtb --no-preopt --charge 0 --mult 1 /Users/evane/Desktop/Research/Argonne/chem-skills/benchmarks/fidelity/vibrational-analysis-validation/ferrocene/ferrocene.xyz --out /var/folders/ym/_02kbfyd29z17l376783nlm00000gn/T/tmp2laf85un/truth.json",
  "electronic_energy_eV": -804.80517,
  "zpe_eV": 4.3256397,
  "zpe_kcal_mol": 99.75162,
  "enthalpy_eV": -800.21378,
  "entropy_eV_per_K": 0.0038886972,
  "gibbs_free_energy_eV": -801.37319,
  "temperature_K": 298.15,
  "pressure_Pa": 101325.0,
  "geometry": "nonlinear",
  "symmetry_number": 1,
  "n_real_vib_modes": 57,
  "n_imaginary_modes": 0,
  "vibrational_frequencies_cm-1": [
    0.0,
    0.0,
    0.0,
    0.0,
    0.0,
    0.0,
    151.36291,
    281.23258,
    311.67736,
    316.87814,
    342.99634,
    385.22014,
    385.45609,
    396.20873,
    396.99564,
    535.52488,
    537.12981,
    538.6706,
    539.20335,
    695.50896,
    712.13246,
    745.74313,
    748.30951,
    749.50608,
    764.4108,
    765.93655,
    766.24486,
    776.99159,
    783.95689,
    825.24568,
    825.43221,
    828.37468,
    829.38637,
    1004.6264,
    1004.7864,
    1025.0954,
    1026.1624,
    1041.6294,
    1047.1785,
    1071.5808,
    1073.4821,
    1078.4191,
    1086.2325,
    1176.878,
    1177.0269,
    1252.314,
    1252.928,
    1262.9254,
    1263.5239,
    1308.7061,
    1312.0321,
    1345.9858,
    1348.3725,
    3054.4823,
    3059.0497,
    3060.7696,
    3064.5354,
    3070.633,
    3070.6527,
    3073.9638,
    3075.2977,
    3075.7404,
    3076.5267
  ],
  "n_soft_imaginary_modes": 0,
  "n_saddle_imaginary_modes": 0,
  "geometry_auto_detected": true,
  "warnings": [
    "symmetry_number defaulted to 1; if the molecule has rotational symmetry (e.g. H2O \u03c3=2, NH3 \u03c3=3, CH4 \u03c3=12) the entropy and Gibbs energy are over-estimated by R\u00b7ln(\u03c3). Re-run with --symmetry set to the correct value for your point group."
  ],
  "preopt": {
    "performed": false
  },
  "schema_version": 1,
  "total_energy_eV": -804.80517,
  "headline_field": "electronic_energy_eV",
  "headline_value": -804.80517,
  "headline_units": "eV",
  "integrity": {
    "status": "ok",
    "trustworthy": true,
    "checks": [
      {
        "name": "n_imag_stationary_point",
        "ok": true,
        "severity": "error",
        "detail": "n_imaginary_modes = 0 (0 = minimum, 1 = valid first-order saddle/TS; >=2 = higher-order saddle, not a usable stationary point)"
      },
      {
        "name": "gibbs_finite",
        "ok": true,
        "severity": "error",
        "detail": "gibbs_free_energy_eV = np.float64(-801.3731926005108) (must be finite)"
      },
      {
        "name": "schema_header",
        "ok": true,
        "severity": "warning",
        "detail": "common header present"
      },
      {
        "name": "schema_headline",
        "ok": true,
        "severity": "warning",
        "detail": "headline field 'electronic_energy_eV' = -804.8051670402699 (present and numeric)"
      }
    ]
  },
  "warnings_structured": [
    {
      "code": "thermo_electronic_only_1549b955",
      "text": "symmetry_number defaulted to 1; if the molecule has rotational symmetry (e.g. H2O \u03c3=2, NH3 \u03c3=3, CH4 \u03c3=12) the entropy and Gibbs energy are over-estimated by R\u00b7ln(\u03c3). Re-run with --symmetry set to the correct value for your point group."
    }
  ],
  "warnings_block": "\u26a0\ufe0f Tool warnings \u2014 surface ALL of these to the user verbatim (do not drop, summarize, or paraphrase any):\n- symmetry_number defaulted to 1; if the molecule has rotational symmetry (e.g. H2O \u03c3=2, NH3 \u03c3=3, CH4 \u03c3=12) the entropy and Gibbs energy are over-estimated by R\u00b7ln(\u03c3). Re-run with --symmetry set to the correct value for your point group."
}