{
  "task": "fukui",
  "method": "b3lyp/def2-tzvp",
  "program": "dft",
  "input_file": "/Users/evane/Desktop/Research/Argonne/chem-skills/benchmarks/fidelity/fukui-reactivity-validation/benzaldehyde/benzaldehyde.xyz",
  "n_atoms": 14,
  "atoms": [
    "O",
    "C",
    "C",
    "C",
    "C",
    "C",
    "C",
    "C",
    "H",
    "H",
    "H",
    "H",
    "H",
    "H"
  ],
  "charge": 0,
  "multiplicity": 1,
  "solvent": null,
  "cli_invocation": "/Users/evane/Desktop/Research/Argonne/chem-skills/mcp_server/chemkit_engine/cli.py fukui --method dft --tier standard /Users/evane/Desktop/Research/Argonne/chem-skills/benchmarks/fidelity/fukui-reactivity-validation/benzaldehyde/benzaldehyde.xyz --out /var/folders/ym/_02kbfyd29z17l376783nlm00000gn/T/tmpuar_coak/live.json",
  "partial_charges_scheme": "Mulliken (PySCF)",
  "charges_neutral": [
    -0.3085605,
    0.14945231,
    -0.17384688,
    -0.1801642,
    -0.093224519,
    -0.066023253,
    -0.11180682,
    0.097075397,
    0.11710342,
    0.13975092,
    0.11801274,
    0.12041618,
    0.12071778,
    0.071097418
  ],
  "charges_cation": [
    -0.070161443,
    0.14239953,
    -0.13709276,
    -0.096846386,
    -0.039514863,
    -0.068344219,
    -0.053553664,
    0.17942907,
    0.17741801,
    0.19843748,
    0.19221246,
    0.18642687,
    0.19225941,
    0.1969305
  ],
  "charges_anion": [
    -0.68740522,
    0.50112024,
    -0.57323655,
    -0.3917817,
    -0.43044439,
    -0.35077927,
    -0.39104147,
    -0.26163424,
    0.2329658,
    0.34235747,
    0.24497195,
    0.25445177,
    0.25762848,
    0.25282713
  ],
  "cation_charge": 1,
  "cation_multiplicity": 2,
  "anion_charge": -1,
  "anion_multiplicity": 2,
  "fukui_plus": [
    0.37884472,
    -0.35166793,
    0.39938967,
    0.2116175,
    0.33721987,
    0.28475602,
    0.27923465,
    0.35870964,
    -0.11586238,
    -0.20260655,
    -0.1269592,
    -0.13403559,
    -0.1369107,
    -0.18172972
  ],
  "fukui_minus": [
    0.23839906,
    -0.007052776,
    0.036754119,
    0.083317813,
    0.053709656,
    -0.0023209651,
    0.058253153,
    0.082353671,
    0.060314591,
    0.05868656,
    0.074199719,
    0.066010688,
    0.071541633,
    0.12583308
  ],
  "fukui_zero": [
    0.30862189,
    -0.17936035,
    0.21807189,
    0.14746766,
    0.19546476,
    0.14121753,
    0.1687439,
    0.22053165,
    -0.027773894,
    -0.071959995,
    -0.026379742,
    -0.034012452,
    -0.032684533,
    -0.027948318
  ],
  "dual_descriptor": [
    0.14044566,
    -0.34461515,
    0.36263555,
    0.12829969,
    0.28351021,
    0.28707698,
    0.2209815,
    0.27635597,
    -0.17617697,
    -0.26129311,
    -0.20115892,
    -0.20004628,
    -0.20845233,
    -0.30756279
  ],
  "most_electrophilic": {
    "atom_index_0based": 2,
    "atom_label_1based": 3,
    "symbol": "C",
    "f_plus": 0.39938967
  },
  "most_nucleophilic": {
    "atom_index_0based": 0,
    "atom_label_1based": 1,
    "symbol": "O",
    "f_minus": 0.23839906
  },
  "plot": "/Users/evane/Desktop/Research/Argonne/chem-skills/benchmarks/fidelity/fukui-reactivity-validation/benzaldehyde/20260625-104154_benzaldehyde_fukui_reactivity/agent_call_02_plot.png",
  "integrity": {
    "status": "ok",
    "trustworthy": true,
    "checks": [
      {
        "name": "fukui_charge_conservation_f+",
        "ok": true,
        "severity": "warning",
        "detail": "sum(f+) = 1.0000 (should be ~1.0; large drift suggests an N\u00b11 state did not converge)"
      },
      {
        "name": "fukui_charge_conservation_f-",
        "ok": true,
        "severity": "warning",
        "detail": "sum(f-) = 1.0000 (should be ~1.0; large drift suggests an N\u00b11 state did not converge)"
      }
    ]
  }
}