{
  "task": "single_point",
  "method": "b3lyp/def2-tzvp",
  "program": "pyscf",
  "input_file": "/home/erobles/chem-skills/benchmarks/fidelity/frontier-orbitals-validation/water/water.xyz",
  "n_atoms": 3,
  "atoms": [
    "O",
    "H",
    "H"
  ],
  "charge": 0,
  "multiplicity": 1,
  "solvent": null,
  "cli_invocation": "/home/erobles/chem-skills/mcp_server/chemkit_engine/cli.py sp --method dft --tier standard --charge 0 --multiplicity 1 /home/erobles/chem-skills/benchmarks/fidelity/frontier-orbitals-validation/water/water.xyz --out /home/erobles/chem-skills/.fidelity_scratch/tmpvbvjr_r8/live.json",
  "total_energy_eV": -2080.6615,
  "total_energy_hartree": -76.462901,
  "total_energy_kcal_mol": -47981.195,
  "energy_zero": "electronic energy (bare nuclei + electrons)",
  "code_specific": {
    "scf_converged": true,
    "scf_cycles": 7,
    "scf_class": "RKS",
    "spin_unrestricted": false,
    "orbital_energies_eV": [
      -520.52643,
      -27.547157,
      -14.443673,
      -10.678837,
      -8.6037183,
      0.33695037,
      2.3908259,
      9.5973296,
      11.032551,
      11.552627,
      11.782897,
      15.405192,
      16.183297,
      31.438034,
      32.277447,
      35.088785,
      41.473084,
      44.440867,
      47.475455,
      53.888147,
      55.800096,
      56.846696,
      62.06723,
      64.246522,
      69.5912,
      70.301311,
      70.802435,
      75.172438,
      98.76185,
      106.14421,
      138.63922,
      141.41683,
      145.99546,
      146.72693,
      148.07385,
      163.17691,
      168.27154,
      171.36665,
      172.98443,
      174.57821,
      186.80243,
      190.11723,
      1176.1174
    ],
    "orbital_occupations": [
      2.0,
      2.0,
      2.0,
      2.0,
      2.0,
      0.0,
      0.0,
      0.0,
      0.0,
      0.0,
      0.0,
      0.0,
      0.0,
      0.0,
      0.0,
      0.0,
      0.0,
      0.0,
      0.0,
      0.0,
      0.0,
      0.0,
      0.0,
      0.0,
      0.0,
      0.0,
      0.0,
      0.0,
      0.0,
      0.0,
      0.0,
      0.0,
      0.0,
      0.0,
      0.0,
      0.0,
      0.0,
      0.0,
      0.0,
      0.0,
      0.0,
      0.0,
      0.0
    ],
    "homo_eV": -8.6037183,
    "lumo_eV": 0.33695037,
    "homo_lumo_gap_eV": 8.9406687,
    "dipole_vector_debye": [
      1.5455374,
      1.1442074,
      -0.80842729
    ],
    "dipole_debye": 2.0860133,
    "partial_charges": [
      -0.63067455,
      0.31533734,
      0.3153372
    ],
    "partial_charges_scheme": "Mulliken (PySCF)",
    "density_fit": false,
    "auxbasis": null,
    "integral_treatment": "exact (no density fitting)",
    "functional": "b3lyp",
    "basis": "def2-tzvp",
    "tier": "standard",
    "grid_level": 4,
    "scf_tol": 1e-08,
    "scf_max_cycle": 150,
    "n_threads": 64
  },
  "functional": "b3lyp",
  "basis": "def2-tzvp",
  "tier": "standard",
  "schema_version": 1,
  "electronic_energy_eV": -2080.6615,
  "headline_field": "total_energy_eV",
  "headline_value": -2080.6615,
  "headline_units": "eV",
  "integrity": {
    "status": "ok",
    "trustworthy": true,
    "checks": [
      {
        "name": "energy_finite",
        "ok": true,
        "severity": "error",
        "detail": "total/electronic energy = -2080.6615310873217 (must be a finite number)"
      },
      {
        "name": "scf_converged",
        "ok": true,
        "severity": "error",
        "detail": "scf_converged = True (SCF must converge for the energy/orbitals to be meaningful)"
      },
      {
        "name": "schema_header",
        "ok": true,
        "severity": "warning",
        "detail": "common header present"
      },
      {
        "name": "schema_headline",
        "ok": true,
        "severity": "warning",
        "detail": "headline field 'total_energy_eV' = -2080.6615310873217 (present and numeric)"
      }
    ]
  }
}