{
  "task": "fukui",
  "method": "b3lyp/def2-tzvp",
  "program": "dft",
  "input_file": "/home/erobles/chem-skills/benchmarks/fidelity/fukui-reactivity-validation/aniline/aniline.xyz",
  "n_atoms": 14,
  "atoms": [
    "N",
    "C",
    "C",
    "C",
    "C",
    "C",
    "C",
    "H",
    "H",
    "H",
    "H",
    "H",
    "H",
    "H"
  ],
  "charge": 0,
  "multiplicity": 1,
  "solvent": null,
  "cli_invocation": "/home/erobles/chem-skills/mcp_server/chemkit_engine/cli.py fukui /home/erobles/chem-skills/benchmarks/fidelity/fukui-reactivity-validation/aniline/aniline.xyz --method dft --tier standard --functional b3lyp --basis def2-tzvp --charge 0 --mult 1 --accept-defaults --stdout path --out /home/erobles/chem-skills/.fidelity_scratch/tmp8vs5w09u/live.json",
  "partial_charges_scheme": "Mulliken (PySCF)",
  "charges_neutral": [
    -0.47566697,
    0.32200294,
    -0.22393156,
    -0.22396643,
    -0.093510958,
    -0.093485946,
    -0.15145272,
    0.093228321,
    0.093212742,
    0.10390822,
    0.10392601,
    0.099263011,
    0.22322807,
    0.22324527
  ],
  "charges_cation": [
    -0.27114338,
    0.31827685,
    -0.15736017,
    -0.15737763,
    -0.085165061,
    -0.085106847,
    -0.041720162,
    0.17522431,
    0.17522668,
    0.18026289,
    0.18027161,
    0.18662878,
    0.29098619,
    0.29099594
  ],
  "charges_anion": [
    -2.1453298,
    2.2229212,
    -2.5215183,
    -2.5205302,
    0.19486007,
    0.19436183,
    -1.5546272,
    0.44461595,
    0.44455657,
    0.92498309,
    0.92523228,
    0.44195254,
    0.97411181,
    0.97441
  ],
  "cation_charge": 1,
  "cation_multiplicity": 2,
  "anion_charge": -1,
  "anion_multiplicity": 2,
  "fukui_plus": [
    1.6696628,
    -1.9009183,
    2.2975867,
    2.2965637,
    -0.28837103,
    -0.28784778,
    1.4031744,
    -0.35138763,
    -0.35134383,
    -0.82107487,
    -0.82130627,
    -0.34268953,
    -0.75088374,
    -0.75116473
  ],
  "fukui_minus": [
    0.20452359,
    -0.0037260935,
    0.066571393,
    0.066588805,
    0.0083458972,
    0.0083790983,
    0.10973255,
    0.08199599,
    0.082013935,
    0.076354671,
    0.0763456,
    0.087365768,
    0.067758118,
    0.067750673
  ],
  "fukui_zero": [
    0.93709321,
    -0.95232219,
    1.182079,
    1.1815763,
    -0.14001257,
    -0.13973434,
    0.7564535,
    -0.13469582,
    -0.13466495,
    -0.3723601,
    -0.37248033,
    -0.12766188,
    -0.34156281,
    -0.34170703
  ],
  "dual_descriptor": [
    1.4651392,
    -1.8971922,
    2.2310153,
    2.2299749,
    -0.29671693,
    -0.29622688,
    1.2934419,
    -0.43338362,
    -0.43335776,
    -0.89742954,
    -0.89765187,
    -0.4300553,
    -0.81864186,
    -0.81891541
  ],
  "most_electrophilic": {
    "atom_index_0based": 2,
    "atom_label_1based": 3,
    "symbol": "C",
    "f_plus": 2.2975867
  },
  "most_nucleophilic": {
    "atom_index_0based": 0,
    "atom_label_1based": 1,
    "symbol": "N",
    "f_minus": 0.20452359
  },
  "plot": "/home/erobles/chem-skills/benchmarks/fidelity/fukui-reactivity-validation/aniline/argo_gpt-5.5/20260704-045946_aniline_fukui_reactivity/agent_call_01_plot.png",
  "functional": "b3lyp",
  "basis": "def2-tzvp",
  "schema_version": 1,
  "integrity": {
    "status": "ok",
    "trustworthy": true,
    "checks": [
      {
        "name": "fukui_charge_conservation_f+",
        "ok": true,
        "severity": "warning",
        "detail": "sum(f+) = 1.0000 (should be ~1.0; large drift suggests an N\u00b11 state did not converge)"
      },
      {
        "name": "fukui_charge_conservation_f-",
        "ok": true,
        "severity": "warning",
        "detail": "sum(f-) = 1.0000 (should be ~1.0; large drift suggests an N\u00b11 state did not converge)"
      },
      {
        "name": "schema_header",
        "ok": true,
        "severity": "warning",
        "detail": "common header present"
      }
    ]
  }
}