{
  "task": "fukui",
  "method": "b3lyp/def2-tzvp",
  "program": "dft",
  "input_file": "/home/erobles/chem-skills/benchmarks/fidelity/fukui-reactivity-validation/benzaldehyde/benzaldehyde.xyz",
  "n_atoms": 14,
  "atoms": [
    "O",
    "C",
    "C",
    "C",
    "C",
    "C",
    "C",
    "C",
    "H",
    "H",
    "H",
    "H",
    "H",
    "H"
  ],
  "charge": 0,
  "multiplicity": 1,
  "solvent": null,
  "cli_invocation": "/home/erobles/chem-skills/mcp_server/chemkit_engine/cli.py fukui --method dft --functional b3lyp --basis def2-tzvp /home/erobles/chem-skills/benchmarks/fidelity/fukui-reactivity-validation/benzaldehyde/benzaldehyde.xyz --out /home/erobles/chem-skills/.fidelity_scratch/tmpdcw_4am9/live.json",
  "partial_charges_scheme": "Mulliken (PySCF)",
  "charges_neutral": [
    -0.3085605,
    0.14945231,
    -0.17384688,
    -0.1801642,
    -0.093224518,
    -0.066023252,
    -0.11180682,
    0.097075397,
    0.11710342,
    0.13975092,
    0.11801274,
    0.12041618,
    0.12071778,
    0.071097418
  ],
  "charges_cation": [
    -0.070161443,
    0.14239953,
    -0.13709276,
    -0.096846386,
    -0.039514863,
    -0.068344219,
    -0.053553664,
    0.17942907,
    0.17741801,
    0.19843748,
    0.19221246,
    0.18642687,
    0.19225941,
    0.1969305
  ],
  "charges_anion": [
    -0.68740522,
    0.50112026,
    -0.57323656,
    -0.39178168,
    -0.43044445,
    -0.35077926,
    -0.39104146,
    -0.26163424,
    0.2329658,
    0.34235747,
    0.24497196,
    0.25445178,
    0.25762847,
    0.25282713
  ],
  "cation_charge": 1,
  "cation_multiplicity": 2,
  "anion_charge": -1,
  "anion_multiplicity": 2,
  "fukui_plus": [
    0.37884472,
    -0.35166795,
    0.39938968,
    0.21161748,
    0.33721993,
    0.28475601,
    0.27923464,
    0.35870964,
    -0.11586238,
    -0.20260655,
    -0.12695921,
    -0.1340356,
    -0.13691069,
    -0.18172971
  ],
  "fukui_minus": [
    0.23839906,
    -0.0070527759,
    0.03675412,
    0.083317813,
    0.053709655,
    -0.0023209663,
    0.058253155,
    0.082353671,
    0.060314591,
    0.05868656,
    0.074199719,
    0.066010688,
    0.071541633,
    0.12583308
  ],
  "fukui_zero": [
    0.30862189,
    -0.17936036,
    0.2180719,
    0.14746765,
    0.19546479,
    0.14121752,
    0.1687439,
    0.22053165,
    -0.027773892,
    -0.071959997,
    -0.026379746,
    -0.034012455,
    -0.03268453,
    -0.027948317
  ],
  "dual_descriptor": [
    0.14044566,
    -0.34461517,
    0.36263556,
    0.12829966,
    0.28351028,
    0.28707697,
    0.22098149,
    0.27635597,
    -0.17617697,
    -0.26129311,
    -0.20115893,
    -0.20004629,
    -0.20845233,
    -0.30756279
  ],
  "most_electrophilic": {
    "atom_index_0based": 2,
    "atom_label_1based": 3,
    "symbol": "C",
    "f_plus": 0.39938968
  },
  "most_nucleophilic": {
    "atom_index_0based": 0,
    "atom_label_1based": 1,
    "symbol": "O",
    "f_minus": 0.23839906
  },
  "plot": "/home/erobles/chem-skills/benchmarks/fidelity/fukui-reactivity-validation/benzaldehyde/argo_claude-sonnet-4.6/20260702-233330_benzaldehyde_fukui_reactivity/agent_call_01_plot.png",
  "schema_version": 1,
  "integrity": {
    "status": "ok",
    "trustworthy": true,
    "checks": [
      {
        "name": "fukui_charge_conservation_f+",
        "ok": true,
        "severity": "warning",
        "detail": "sum(f+) = 1.0000 (should be ~1.0; large drift suggests an N\u00b11 state did not converge)"
      },
      {
        "name": "fukui_charge_conservation_f-",
        "ok": true,
        "severity": "warning",
        "detail": "sum(f-) = 1.0000 (should be ~1.0; large drift suggests an N\u00b11 state did not converge)"
      },
      {
        "name": "schema_header",
        "ok": true,
        "severity": "warning",
        "detail": "common header present"
      }
    ]
  }
}