{
  "task": "fukui",
  "method": "b3lyp/def2-tzvp",
  "program": "dft",
  "input_file": "/home/erobles/chem-skills/benchmarks/fidelity/fukui-reactivity-validation/benzaldehyde/benzaldehyde.xyz",
  "n_atoms": 14,
  "atoms": [
    "O",
    "C",
    "C",
    "C",
    "C",
    "C",
    "C",
    "C",
    "H",
    "H",
    "H",
    "H",
    "H",
    "H"
  ],
  "charge": 0,
  "multiplicity": 1,
  "solvent": null,
  "cli_invocation": "/home/erobles/chem-skills/mcp_server/chemkit_engine/cli.py fukui /home/erobles/chem-skills/benchmarks/fidelity/fukui-reactivity-validation/benzaldehyde/benzaldehyde.xyz --method dft --tier standard --charge 0 --mult 1 --stdout json --out /home/erobles/chem-skills/.fidelity_scratch/tmp91onfgnd/live.json",
  "partial_charges_scheme": "Mulliken (PySCF)",
  "charges_neutral": [
    -0.3085605,
    0.14945231,
    -0.17384688,
    -0.1801642,
    -0.093224518,
    -0.066023253,
    -0.11180682,
    0.097075397,
    0.11710342,
    0.13975092,
    0.11801274,
    0.12041618,
    0.12071778,
    0.071097418
  ],
  "charges_cation": [
    -0.070161443,
    0.14239953,
    -0.13709276,
    -0.096846386,
    -0.039514863,
    -0.068344219,
    -0.053553664,
    0.17942907,
    0.17741801,
    0.19843748,
    0.19221246,
    0.18642687,
    0.19225941,
    0.1969305
  ],
  "charges_anion": [
    -0.68740522,
    0.50112019,
    -0.57323653,
    -0.39178172,
    -0.4304444,
    -0.35077923,
    -0.39104147,
    -0.26163423,
    0.23296581,
    0.34235748,
    0.24497195,
    0.25445178,
    0.25762847,
    0.25282713
  ],
  "cation_charge": 1,
  "cation_multiplicity": 2,
  "anion_charge": -1,
  "anion_multiplicity": 2,
  "fukui_plus": [
    0.37884472,
    -0.35166788,
    0.39938965,
    0.21161752,
    0.33721989,
    0.28475597,
    0.27923465,
    0.35870963,
    -0.11586238,
    -0.20260656,
    -0.12695921,
    -0.13403559,
    -0.13691069,
    -0.18172971
  ],
  "fukui_minus": [
    0.23839906,
    -0.007052776,
    0.036754119,
    0.083317813,
    0.053709655,
    -0.002320966,
    0.058253154,
    0.082353671,
    0.060314591,
    0.05868656,
    0.074199719,
    0.066010688,
    0.071541633,
    0.12583308
  ],
  "fukui_zero": [
    0.30862189,
    -0.17936033,
    0.21807189,
    0.14746767,
    0.19546477,
    0.1412175,
    0.1687439,
    0.22053165,
    -0.027773896,
    -0.071960001,
    -0.026379743,
    -0.034012453,
    -0.03268453,
    -0.027948317
  ],
  "dual_descriptor": [
    0.14044566,
    -0.3446151,
    0.36263553,
    0.12829971,
    0.28351023,
    0.28707694,
    0.2209815,
    0.27635596,
    -0.17617697,
    -0.26129312,
    -0.20115893,
    -0.20004628,
    -0.20845233,
    -0.30756279
  ],
  "most_electrophilic": {
    "atom_index_0based": 2,
    "atom_label_1based": 3,
    "symbol": "C",
    "f_plus": 0.39938965
  },
  "most_nucleophilic": {
    "atom_index_0based": 0,
    "atom_label_1based": 1,
    "symbol": "O",
    "f_minus": 0.23839906
  },
  "plot": "/home/erobles/chem-skills/benchmarks/fidelity/fukui-reactivity-validation/benzaldehyde/argo_o4-mini/20260704-181718_benzaldehyde_fukui_reactivity/agent_call_01_plot.png",
  "functional": "b3lyp",
  "basis": "def2-tzvp",
  "schema_version": 1,
  "integrity": {
    "status": "ok",
    "trustworthy": true,
    "checks": [
      {
        "name": "fukui_charge_conservation_f+",
        "ok": true,
        "severity": "warning",
        "detail": "sum(f+) = 1.0000 (should be ~1.0; large drift suggests an N\u00b11 state did not converge)"
      },
      {
        "name": "fukui_charge_conservation_f-",
        "ok": true,
        "severity": "warning",
        "detail": "sum(f-) = 1.0000 (should be ~1.0; large drift suggests an N\u00b11 state did not converge)"
      },
      {
        "name": "schema_header",
        "ok": true,
        "severity": "warning",
        "detail": "common header present"
      }
    ]
  }
}