{
  "task": "fukui",
  "method": "b3lyp/def2-tzvp",
  "program": "dft",
  "input_file": "/home/erobles/chem-skills/benchmarks/fidelity/fukui-reactivity-validation/phenol/phenol.xyz",
  "n_atoms": 13,
  "atoms": [
    "O",
    "C",
    "C",
    "C",
    "C",
    "C",
    "C",
    "H",
    "H",
    "H",
    "H",
    "H",
    "H"
  ],
  "charge": 0,
  "multiplicity": 1,
  "solvent": null,
  "cli_invocation": "/home/erobles/chem-skills/mcp_server/chemkit_engine/cli.py fukui --method dft --functional b3lyp --basis def2-tzvp --tier standard /home/erobles/chem-skills/benchmarks/fidelity/fukui-reactivity-validation/phenol/phenol.xyz --out /home/erobles/chem-skills/.fidelity_scratch/tmphcq_iedv/live.json",
  "partial_charges_scheme": "Mulliken (PySCF)",
  "charges_neutral": [
    -0.39904205,
    0.27312583,
    -0.19046858,
    -0.18199672,
    -0.13051165,
    -0.0947116,
    -0.12575786,
    0.097065205,
    0.1120532,
    0.11148814,
    0.11127334,
    0.10571522,
    0.31176752
  ],
  "charges_cation": [
    -0.23702728,
    0.32189838,
    -0.1194962,
    -0.11149818,
    -0.10380668,
    -0.073762185,
    -0.0022423667,
    0.17938635,
    0.20020099,
    0.19259412,
    0.19176038,
    0.19921099,
    0.36278167
  ],
  "charges_anion": [
    0.59609472,
    -0.12620606,
    -2.2933005,
    -1.8016773,
    0.21149481,
    0.19439666,
    -1.4337332,
    0.83098299,
    0.38670935,
    1.0285487,
    0.74118959,
    0.40163198,
    0.26386818
  ],
  "cation_charge": 1,
  "cation_multiplicity": 2,
  "anion_charge": -1,
  "anion_multiplicity": 2,
  "fukui_plus": [
    -0.99513677,
    0.39933189,
    2.1028319,
    1.6196806,
    -0.34200645,
    -0.28910826,
    1.3079753,
    -0.73391778,
    -0.27465615,
    -0.91706058,
    -0.62991625,
    -0.29591676,
    0.047899338
  ],
  "fukui_minus": [
    0.16201477,
    0.048772551,
    0.070972379,
    0.070498539,
    0.026704972,
    0.020949414,
    0.12351549,
    0.082321145,
    0.088147788,
    0.081105985,
    0.080487046,
    0.09349577,
    0.051014152
  ],
  "fukui_zero": [
    -0.416561,
    0.22405222,
    1.0869021,
    0.84508955,
    -0.15765074,
    -0.13407942,
    0.71574541,
    -0.32579832,
    -0.093254181,
    -0.4179773,
    -0.2747146,
    -0.1012105,
    0.049456745
  ],
  "dual_descriptor": [
    -1.1571515,
    0.35055934,
    2.0318595,
    1.549182,
    -0.36871143,
    -0.31005767,
    1.1844598,
    -0.81623893,
    -0.36280394,
    -0.99816657,
    -0.7104033,
    -0.38941253,
    -0.0031148137
  ],
  "most_electrophilic": {
    "atom_index_0based": 2,
    "atom_label_1based": 3,
    "symbol": "C",
    "f_plus": 2.1028319
  },
  "most_nucleophilic": {
    "atom_index_0based": 0,
    "atom_label_1based": 1,
    "symbol": "O",
    "f_minus": 0.16201477
  },
  "plot": "/home/erobles/chem-skills/benchmarks/fidelity/fukui-reactivity-validation/phenol/argo_claude-opus-4.8/20260702-225531_phenol_fukui_reactivity/agent_call_01_plot.png",
  "schema_version": 1,
  "integrity": {
    "status": "ok",
    "trustworthy": true,
    "checks": [
      {
        "name": "fukui_charge_conservation_f+",
        "ok": true,
        "severity": "warning",
        "detail": "sum(f+) = 1.0000 (should be ~1.0; large drift suggests an N\u00b11 state did not converge)"
      },
      {
        "name": "fukui_charge_conservation_f-",
        "ok": true,
        "severity": "warning",
        "detail": "sum(f-) = 1.0000 (should be ~1.0; large drift suggests an N\u00b11 state did not converge)"
      },
      {
        "name": "schema_header",
        "ok": true,
        "severity": "warning",
        "detail": "common header present"
      }
    ]
  }
}