{
  "task": "fukui",
  "method": "GFN2-xTB",
  "program": "xtb",
  "input_file": "/home/erobles/chem-skills/benchmarks/fidelity/fukui-reactivity-validation/ferrocene/ferrocene.xyz",
  "n_atoms": 21,
  "atoms": [
    "C",
    "C",
    "C",
    "C",
    "C",
    "H",
    "H",
    "H",
    "H",
    "H",
    "Fe",
    "C",
    "C",
    "C",
    "C",
    "C",
    "H",
    "H",
    "H",
    "H",
    "H"
  ],
  "charge": 0,
  "multiplicity": 1,
  "solvent": null,
  "cli_invocation": "/home/erobles/chem-skills/mcp_server/chemkit_engine/cli.py fukui --method xtb /home/erobles/chem-skills/benchmarks/fidelity/fukui-reactivity-validation/ferrocene/ferrocene.xyz --out /home/erobles/chem-skills/.fidelity_scratch/tmplimbixv9/live.json",
  "partial_charges_scheme": "Mulliken (GFN2-xTB)",
  "charges_neutral": [
    -0.076782037,
    -0.076782037,
    -0.076781818,
    -0.076782626,
    -0.076781818,
    0.034737897,
    0.034737897,
    0.034738891,
    0.0347385,
    0.034738891,
    0.42043652,
    -0.076782037,
    -0.076782037,
    -0.076781818,
    -0.076782626,
    -0.076781818,
    0.034737897,
    0.034737897,
    0.034738891,
    0.0347385,
    0.034738891
  ],
  "charges_cation": [
    -0.064602841,
    -0.064602841,
    -0.06460248,
    -0.064603313,
    -0.06460248,
    0.096620684,
    0.096620684,
    0.096621266,
    0.096620839,
    0.096621266,
    0.67981843,
    -0.064602841,
    -0.064602841,
    -0.06460248,
    -0.064603313,
    -0.06460248,
    0.096620684,
    0.096620684,
    0.096621266,
    0.096620839,
    0.096621266
  ],
  "charges_anion": [
    -0.090420385,
    -0.090420385,
    -0.090419992,
    -0.090421223,
    -0.090419992,
    -0.028738521,
    -0.028738521,
    -0.028737315,
    -0.028737331,
    -0.028737315,
    0.19158196,
    -0.090420385,
    -0.090420385,
    -0.090419992,
    -0.090421223,
    -0.090419992,
    -0.028738521,
    -0.028738521,
    -0.028737315,
    -0.028737331,
    -0.028737315
  ],
  "cation_charge": 1,
  "cation_multiplicity": 2,
  "anion_charge": -1,
  "anion_multiplicity": 2,
  "fukui_plus": [
    0.013638348,
    0.013638348,
    0.013638174,
    0.013638597,
    0.013638174,
    0.063476418,
    0.063476418,
    0.063476206,
    0.063475831,
    0.063476206,
    0.22885456,
    0.013638348,
    0.013638348,
    0.013638174,
    0.013638597,
    0.013638174,
    0.063476418,
    0.063476418,
    0.063476206,
    0.063475831,
    0.063476206
  ],
  "fukui_minus": [
    0.012179196,
    0.012179196,
    0.012179338,
    0.012179313,
    0.012179338,
    0.061882787,
    0.061882787,
    0.061882375,
    0.061882339,
    0.061882375,
    0.25938191,
    0.012179196,
    0.012179196,
    0.012179338,
    0.012179313,
    0.012179338,
    0.061882787,
    0.061882787,
    0.061882375,
    0.061882339,
    0.061882375
  ],
  "fukui_zero": [
    0.012908772,
    0.012908772,
    0.012908756,
    0.012908955,
    0.012908756,
    0.062679603,
    0.062679603,
    0.06267929,
    0.062679085,
    0.06267929,
    0.24411824,
    0.012908772,
    0.012908772,
    0.012908756,
    0.012908955,
    0.012908756,
    0.062679603,
    0.062679603,
    0.06267929,
    0.062679085,
    0.06267929
  ],
  "dual_descriptor": [
    0.0014591519,
    0.0014591519,
    0.0014588363,
    0.0014592841,
    0.0014588363,
    0.0015936308,
    0.0015936308,
    0.001593831,
    0.0015934927,
    0.001593831,
    -0.030527354,
    0.0014591519,
    0.0014591519,
    0.0014588363,
    0.0014592841,
    0.0014588363,
    0.0015936308,
    0.0015936308,
    0.001593831,
    0.0015934927,
    0.001593831
  ],
  "most_electrophilic": {
    "atom_index_0based": 10,
    "atom_label_1based": 11,
    "symbol": "Fe",
    "f_plus": 0.22885456
  },
  "most_nucleophilic": {
    "atom_index_0based": 10,
    "atom_label_1based": 11,
    "symbol": "Fe",
    "f_minus": 0.25938191
  },
  "plot": "/home/erobles/chem-skills/benchmarks/fidelity/fukui-reactivity-validation/ferrocene/argo_claude-opus-4.8/20260702-220934_ferrocene_fukui_reactivity/agent_call_01_plot.png",
  "schema_version": 1,
  "integrity": {
    "status": "ok",
    "trustworthy": true,
    "checks": [
      {
        "name": "fukui_charge_conservation_f+",
        "ok": true,
        "severity": "warning",
        "detail": "sum(f+) = 1.0000 (should be ~1.0; large drift suggests an N\u00b11 state did not converge)"
      },
      {
        "name": "fukui_charge_conservation_f-",
        "ok": true,
        "severity": "warning",
        "detail": "sum(f-) = 1.0000 (should be ~1.0; large drift suggests an N\u00b11 state did not converge)"
      },
      {
        "name": "schema_header",
        "ok": true,
        "severity": "warning",
        "detail": "common header present"
      }
    ]
  }
}