{
  "task": "fukui",
  "method": "b3lyp/def2-tzvp",
  "program": "dft",
  "input_file": "/Users/evane/Desktop/Research/Argonne/chem-skills/benchmarks/fidelity/fukui-reactivity-validation/aniline/aniline.xyz",
  "n_atoms": 14,
  "atoms": [
    "N",
    "C",
    "C",
    "C",
    "C",
    "C",
    "C",
    "H",
    "H",
    "H",
    "H",
    "H",
    "H",
    "H"
  ],
  "charge": 0,
  "multiplicity": 1,
  "solvent": null,
  "cli_invocation": "/Users/evane/Desktop/Research/Argonne/chem-skills/mcp_server/chemkit_engine/cli.py fukui --method dft --tier standard /Users/evane/Desktop/Research/Argonne/chem-skills/benchmarks/fidelity/fukui-reactivity-validation/aniline/aniline.xyz --out /var/folders/ym/_02kbfyd29z17l376783nlm00000gn/T/tmpubgqwprd/live.json",
  "partial_charges_scheme": "Mulliken (PySCF)",
  "charges_neutral": [
    -0.47566697,
    0.32200294,
    -0.22393157,
    -0.22396643,
    -0.093510957,
    -0.093485946,
    -0.15145272,
    0.093228321,
    0.093212742,
    0.10390822,
    0.10392601,
    0.099263011,
    0.22322807,
    0.22324527
  ],
  "charges_cation": [
    -0.27114338,
    0.31827685,
    -0.15736017,
    -0.15737763,
    -0.085165061,
    -0.085106848,
    -0.041720161,
    0.17522431,
    0.17522668,
    0.18026289,
    0.18027161,
    0.18662878,
    0.29098619,
    0.29099594
  ],
  "charges_anion": [
    -2.1453298,
    2.2229213,
    -2.5215183,
    -2.5205301,
    0.19486009,
    0.19436183,
    -1.5546272,
    0.44461595,
    0.44455657,
    0.92498309,
    0.92523227,
    0.44195253,
    0.97411181,
    0.97441001
  ],
  "cation_charge": 1,
  "cation_multiplicity": 2,
  "anion_charge": -1,
  "anion_multiplicity": 2,
  "fukui_plus": [
    1.6696628,
    -1.9009183,
    2.2975867,
    2.2965637,
    -0.28837105,
    -0.28784777,
    1.4031745,
    -0.35138762,
    -0.35134382,
    -0.82107487,
    -0.82130626,
    -0.34268952,
    -0.75088374,
    -0.75116474
  ],
  "fukui_minus": [
    0.20452359,
    -0.0037260946,
    0.066571394,
    0.066588805,
    0.008345896,
    0.0083790979,
    0.10973255,
    0.08199599,
    0.082013935,
    0.07635467,
    0.076345599,
    0.087365768,
    0.067758118,
    0.067750673
  ],
  "fukui_zero": [
    0.93709321,
    -0.9523222,
    1.1820791,
    1.1815763,
    -0.14001258,
    -0.13973434,
    0.7564535,
    -0.13469582,
    -0.13466494,
    -0.3723601,
    -0.37248033,
    -0.12766188,
    -0.34156281,
    -0.34170703
  ],
  "dual_descriptor": [
    1.4651392,
    -1.8971922,
    2.2310153,
    2.2299749,
    -0.29671695,
    -0.29622687,
    1.2934419,
    -0.43338362,
    -0.43335776,
    -0.89742954,
    -0.89765186,
    -0.43005529,
    -0.81864186,
    -0.81891541
  ],
  "most_electrophilic": {
    "atom_index_0based": 2,
    "atom_label_1based": 3,
    "symbol": "C",
    "f_plus": 2.2975867
  },
  "most_nucleophilic": {
    "atom_index_0based": 0,
    "atom_label_1based": 1,
    "symbol": "N",
    "f_minus": 0.20452359
  },
  "plot": "/Users/evane/Desktop/Research/Argonne/chem-skills/benchmarks/fidelity/fukui-reactivity-validation/aniline/20260625-100859_aniline_fukui_reactivity/agent_call_01_plot.png",
  "integrity": {
    "status": "ok",
    "trustworthy": true,
    "checks": [
      {
        "name": "fukui_charge_conservation_f+",
        "ok": true,
        "severity": "warning",
        "detail": "sum(f+) = 1.0000 (should be ~1.0; large drift suggests an N\u00b11 state did not converge)"
      },
      {
        "name": "fukui_charge_conservation_f-",
        "ok": true,
        "severity": "warning",
        "detail": "sum(f-) = 1.0000 (should be ~1.0; large drift suggests an N\u00b11 state did not converge)"
      }
    ]
  }
}