{
  "task": "fukui",
  "method": "b3lyp/def2-tzvp",
  "program": "dft",
  "input_file": "/Users/evane/Desktop/Research/Argonne/chem-skills/benchmarks/fidelity/fukui-reactivity-validation/phenol/phenol.xyz",
  "n_atoms": 13,
  "atoms": [
    "O",
    "C",
    "C",
    "C",
    "C",
    "C",
    "C",
    "H",
    "H",
    "H",
    "H",
    "H",
    "H"
  ],
  "charge": 0,
  "multiplicity": 1,
  "solvent": null,
  "cli_invocation": "/Users/evane/Desktop/Research/Argonne/chem-skills/mcp_server/chemkit_engine/cli.py fukui --method dft --charge 0 --mult 1 --tier standard --functional b3lyp --basis def2-tzvp /Users/evane/Desktop/Research/Argonne/chem-skills/benchmarks/fidelity/fukui-reactivity-validation/phenol/phenol.xyz --out /var/folders/ym/_02kbfyd29z17l376783nlm00000gn/T/tmp9j6xru29/b.json",
  "partial_charges_scheme": "Mulliken (PySCF)",
  "charges_neutral": [
    -0.39904205,
    0.27312583,
    -0.19046858,
    -0.18199672,
    -0.13051165,
    -0.094711601,
    -0.12575786,
    0.097065205,
    0.1120532,
    0.11148814,
    0.11127334,
    0.10571522,
    0.31176752
  ],
  "charges_cation": [
    -0.23702728,
    0.32189838,
    -0.1194962,
    -0.11149818,
    -0.10380668,
    -0.073762187,
    -0.0022423659,
    0.17938635,
    0.20020099,
    0.19259412,
    0.19176038,
    0.19921099,
    0.36278167
  ],
  "charges_anion": [
    0.59609472,
    -0.12620604,
    -2.2933005,
    -1.8016773,
    0.2114948,
    0.19439669,
    -1.4337332,
    0.83098298,
    0.38670935,
    1.0285487,
    0.74118959,
    0.40163197,
    0.26386819
  ],
  "cation_charge": 1,
  "cation_multiplicity": 2,
  "anion_charge": -1,
  "anion_multiplicity": 2,
  "fukui_plus": [
    -0.99513677,
    0.39933187,
    2.1028319,
    1.6196806,
    -0.34200645,
    -0.28910829,
    1.3079753,
    -0.73391778,
    -0.27465615,
    -0.91706059,
    -0.62991625,
    -0.29591675,
    0.047899335
  ],
  "fukui_minus": [
    0.16201477,
    0.04877255,
    0.070972379,
    0.070498539,
    0.026704972,
    0.020949414,
    0.12351549,
    0.082321145,
    0.088147788,
    0.081105985,
    0.080487046,
    0.09349577,
    0.051014152
  ],
  "fukui_zero": [
    -0.416561,
    0.22405221,
    1.0869022,
    0.84508956,
    -0.15765074,
    -0.13407944,
    0.7157454,
    -0.32579832,
    -0.093254179,
    -0.4179773,
    -0.2747146,
    -0.10121049,
    0.049456744
  ],
  "dual_descriptor": [
    -1.1571515,
    0.35055931,
    2.0318595,
    1.549182,
    -0.36871142,
    -0.3100577,
    1.1844598,
    -0.81623892,
    -0.36280393,
    -0.99816657,
    -0.7104033,
    -0.38941252,
    -0.0031148167
  ],
  "most_electrophilic": {
    "atom_index_0based": 2,
    "atom_label_1based": 3,
    "symbol": "C",
    "f_plus": 2.1028319
  },
  "most_nucleophilic": {
    "atom_index_0based": 0,
    "atom_label_1based": 1,
    "symbol": "O",
    "f_minus": 0.16201477
  },
  "plot": "/Users/evane/Desktop/Research/Argonne/chem-skills/benchmarks/fidelity/fukui-reactivity-validation/phenol/20260625-131609_phenol_fukui_reactivity/determinism/run_b_plot.png",
  "integrity": {
    "status": "ok",
    "trustworthy": true,
    "checks": [
      {
        "name": "fukui_charge_conservation_f+",
        "ok": true,
        "severity": "warning",
        "detail": "sum(f+) = 1.0000 (should be ~1.0; large drift suggests an N\u00b11 state did not converge)"
      },
      {
        "name": "fukui_charge_conservation_f-",
        "ok": true,
        "severity": "warning",
        "detail": "sum(f-) = 1.0000 (should be ~1.0; large drift suggests an N\u00b11 state did not converge)"
      }
    ]
  }
}