{
  "task": "fukui",
  "method": "b3lyp/def2-tzvp",
  "program": "dft",
  "input_file": "/Users/evane/Desktop/Research/Argonne/chem-skills/benchmarks/fidelity/fukui-reactivity-validation/nitrobenzene/nitrobenzene.xyz",
  "n_atoms": 14,
  "atoms": [
    "O",
    "O",
    "N",
    "C",
    "C",
    "C",
    "C",
    "C",
    "C",
    "H",
    "H",
    "H",
    "H",
    "H"
  ],
  "charge": 0,
  "multiplicity": 1,
  "solvent": null,
  "cli_invocation": "/Users/evane/Desktop/Research/Argonne/chem-skills/mcp_server/chemkit_engine/cli.py fukui --method dft --tier standard /Users/evane/Desktop/Research/Argonne/chem-skills/benchmarks/fidelity/fukui-reactivity-validation/nitrobenzene/nitrobenzene.xyz --out /var/folders/ym/_02kbfyd29z17l376783nlm00000gn/T/tmpibg72rto/live.json",
  "partial_charges_scheme": "Mulliken (PySCF)",
  "charges_neutral": [
    -0.31682236,
    -0.31660751,
    0.41159352,
    0.079407967,
    -0.14816693,
    -0.14814574,
    -0.082374686,
    -0.082374207,
    -0.097212414,
    0.15846789,
    0.15846501,
    0.12820677,
    0.12820659,
    0.12735609
  ],
  "charges_cation": [
    -0.21980683,
    -0.21983359,
    0.42883698,
    0.06511593,
    -0.04087873,
    -0.040909134,
    0.012547755,
    0.012518291,
    -0.088900804,
    0.23367992,
    0.23366757,
    0.21209005,
    0.2120885,
    0.19978409
  ],
  "charges_anion": [
    -0.78999512,
    -0.79005114,
    0.8682944,
    -0.41700987,
    -0.26379349,
    -0.26402777,
    -0.25649888,
    -0.25660363,
    -0.38634818,
    0.39015759,
    0.39028195,
    0.26193154,
    0.26200053,
    0.25166206
  ],
  "cation_charge": 1,
  "cation_multiplicity": 2,
  "anion_charge": -1,
  "anion_multiplicity": 2,
  "fukui_plus": [
    0.47317276,
    0.47344363,
    -0.45670088,
    0.49641784,
    0.11562655,
    0.11588203,
    0.17412419,
    0.17422942,
    0.28913577,
    -0.2316897,
    -0.23181693,
    -0.13372477,
    -0.13379393,
    -0.12430597
  ],
  "fukui_minus": [
    0.097015524,
    0.096773921,
    0.017243458,
    -0.014292037,
    0.1072882,
    0.10723661,
    0.094922441,
    0.094892499,
    0.0083116098,
    0.075212029,
    0.075202557,
    0.083883283,
    0.083881905,
    0.072428004
  ],
  "fukui_zero": [
    0.28509414,
    0.28510877,
    -0.21972871,
    0.2410629,
    0.11145738,
    0.11155932,
    0.13452332,
    0.13456096,
    0.14872369,
    -0.078238834,
    -0.078307187,
    -0.024920745,
    -0.024956013,
    -0.025938985
  ],
  "dual_descriptor": [
    0.37615724,
    0.37666971,
    -0.47394434,
    0.51070987,
    0.008338353,
    0.0086454203,
    0.079201749,
    0.079336921,
    0.28082416,
    -0.30690173,
    -0.30701949,
    -0.21760806,
    -0.21767584,
    -0.19673398
  ],
  "most_electrophilic": {
    "atom_index_0based": 3,
    "atom_label_1based": 4,
    "symbol": "C",
    "f_plus": 0.49641784
  },
  "most_nucleophilic": {
    "atom_index_0based": 4,
    "atom_label_1based": 5,
    "symbol": "C",
    "f_minus": 0.1072882
  },
  "plot": "/Users/evane/Desktop/Research/Argonne/chem-skills/benchmarks/fidelity/fukui-reactivity-validation/nitrobenzene/20260625-115402_nitrobenzene_fukui_reactivity/agent_call_01_plot.png",
  "integrity": {
    "status": "ok",
    "trustworthy": true,
    "checks": [
      {
        "name": "fukui_charge_conservation_f+",
        "ok": true,
        "severity": "warning",
        "detail": "sum(f+) = 1.0000 (should be ~1.0; large drift suggests an N\u00b11 state did not converge)"
      },
      {
        "name": "fukui_charge_conservation_f-",
        "ok": true,
        "severity": "warning",
        "detail": "sum(f-) = 1.0000 (should be ~1.0; large drift suggests an N\u00b11 state did not converge)"
      }
    ]
  }
}