{
  "task": "fukui",
  "method": "b3lyp/def2-tzvp",
  "program": "dft",
  "input_file": "/home/erobles/chem-skills/benchmarks/fidelity/fukui-reactivity-validation/nitrobenzene/nitrobenzene.xyz",
  "n_atoms": 14,
  "atoms": [
    "O",
    "O",
    "N",
    "C",
    "C",
    "C",
    "C",
    "C",
    "C",
    "H",
    "H",
    "H",
    "H",
    "H"
  ],
  "charge": 0,
  "multiplicity": 1,
  "solvent": null,
  "cli_invocation": "/home/erobles/chem-skills/mcp_server/chemkit_engine/cli.py fukui --method dft --charge 0 --mult 1 --functional b3lyp --basis def2-tzvp --tier standard /home/erobles/chem-skills/benchmarks/fidelity/fukui-reactivity-validation/nitrobenzene/nitrobenzene.xyz --out /home/erobles/chem-skills/.fidelity_scratch/tmplst246__/live.json",
  "partial_charges_scheme": "Mulliken (PySCF)",
  "charges_neutral": [
    -0.31682236,
    -0.31660751,
    0.41159352,
    0.079407967,
    -0.14816693,
    -0.14814574,
    -0.082374686,
    -0.082374207,
    -0.097212413,
    0.15846789,
    0.15846501,
    0.12820677,
    0.12820659,
    0.12735609
  ],
  "charges_cation": [
    -0.21980683,
    -0.21983359,
    0.42883698,
    0.06511593,
    -0.040878731,
    -0.040909134,
    0.012547755,
    0.012518291,
    -0.088900804,
    0.23367992,
    0.23366757,
    0.21209005,
    0.2120885,
    0.19978409
  ],
  "charges_anion": [
    -0.78999512,
    -0.79005113,
    0.8682944,
    -0.41700984,
    -0.26379345,
    -0.2640278,
    -0.25649891,
    -0.25660362,
    -0.38634816,
    0.39015759,
    0.39028194,
    0.26193154,
    0.26200052,
    0.25166206
  ],
  "cation_charge": 1,
  "cation_multiplicity": 2,
  "anion_charge": -1,
  "anion_multiplicity": 2,
  "fukui_plus": [
    0.47317276,
    0.47344363,
    -0.45670088,
    0.49641781,
    0.11562652,
    0.11588206,
    0.17412423,
    0.17422942,
    0.28913575,
    -0.2316897,
    -0.23181693,
    -0.13372477,
    -0.13379393,
    -0.12430597
  ],
  "fukui_minus": [
    0.097015524,
    0.096773921,
    0.017243458,
    -0.014292037,
    0.1072882,
    0.10723661,
    0.094922441,
    0.094892499,
    0.0083116096,
    0.075212029,
    0.075202557,
    0.083883283,
    0.083881905,
    0.072428004
  ],
  "fukui_zero": [
    0.28509414,
    0.28510877,
    -0.21972871,
    0.24106289,
    0.11145736,
    0.11155933,
    0.13452333,
    0.13456096,
    0.14872368,
    -0.078238834,
    -0.078307185,
    -0.024920743,
    -0.024956011,
    -0.025938985
  ],
  "dual_descriptor": [
    0.37615724,
    0.37666971,
    -0.47394434,
    0.51070985,
    0.0083383222,
    0.0086454489,
    0.079201786,
    0.079336919,
    0.28082414,
    -0.30690173,
    -0.30701948,
    -0.21760805,
    -0.21767583,
    -0.19673398
  ],
  "most_electrophilic": {
    "atom_index_0based": 3,
    "atom_label_1based": 4,
    "symbol": "C",
    "f_plus": 0.49641781
  },
  "most_nucleophilic": {
    "atom_index_0based": 4,
    "atom_label_1based": 5,
    "symbol": "C",
    "f_minus": 0.1072882
  },
  "plot": "/home/erobles/chem-skills/benchmarks/fidelity/fukui-reactivity-validation/nitrobenzene/argo_gemini-2.5-flash/20260706-220447_nitrobenzene_fukui_reactivity/agent_call_01_plot.png",
  "functional": "b3lyp",
  "basis": "def2-tzvp",
  "schema_version": 1,
  "integrity": {
    "status": "ok",
    "trustworthy": true,
    "checks": [
      {
        "name": "fukui_charge_conservation_f+",
        "ok": true,
        "severity": "warning",
        "detail": "sum(f+) = 1.0000 (should be ~1.0; large drift suggests an N\u00b11 state did not converge)"
      },
      {
        "name": "fukui_charge_conservation_f-",
        "ok": true,
        "severity": "warning",
        "detail": "sum(f-) = 1.0000 (should be ~1.0; large drift suggests an N\u00b11 state did not converge)"
      },
      {
        "name": "schema_header",
        "ok": true,
        "severity": "warning",
        "detail": "common header present"
      }
    ]
  }
}